ROC18,ROC36,ROC54,KSvalSig,KSvalBkg
99.9984,99.9901,99.9619,0.623983,0.314832
