Run, Good, Bad, LDelivered, LRecorded, LAr Corrected, Prescale Corrected, Live Fraction, LAr Fraction, Prescale Fraction
309375, 174, 0, 51.762290, 44.328020, 44.290090, 35.683400, 85.64, 99.91, 124.12
309390, 770, 0, 299.577900, 286.954000, 286.595500, 271.893500, 95.79, 99.88, 105.41
309440, 1185, 0, 468.311222, 441.237453, 439.843481, 327.947561, 94.22, 99.68, 134.12
309516, 867, 0, 387.637420, 365.949390, 365.271490, 239.819490, 94.41, 99.81, 152.31
309640, 977, 0, 399.929000, 381.656000, 381.193000, 274.336000, 95.43, 99.88, 138.95
309674, 818, 0, 358.979920, 339.912480, 337.652340, 237.508570, 94.69, 99.34, 142.16
309759, 914, 0, 384.046782, 358.101776, 354.178534, 269.209427, 93.24, 98.90, 131.56
Total, 5705, 0, 2350.240000, 2218.140000, 2209.030000, 1656.400000, 94.38, 99.59, 133.36
