ROC18,ROC36,ROC54,KSvalSig,KSvalBkg
99.9984,99.9911,99.9688,0.555389,0.716946
