ROC18,ROC36,ROC54,KSvalSig,KSvalBkg
97.4788,94.1261,89.8042,0.455408,0.486723
