ROC18,ROC36,ROC54,KSvalSig,KSvalBkg
99.9984,99.9921,99.9688,0.514613,0.57135
