ROC18,ROC36,ROC54,KSvalSig,KSvalBkg
99.9978,99.9876,99.9526,0.449768,0.60759
